{
  "train_loop_config": {
    "lr1": 0.0015676677195506057,
    "lr2": 0.007257005721594274,
    "weight_decay1": 0.00025766385746135907,
    "weight_decay2": 0.00015119336467641012
  }
}