{
  "train_loop_config": {
    "lr1": 0.027549377795644307,
    "lr2": 0.001429961212234961,
    "weight_decay1": 0.00016266267676582366,
    "weight_decay2": 0.002334122093576351
  }
}