{
  "train_loop_config": {
    "lr1": 0.0020843991000370067,
    "lr2": 0.00033156195406647894,
    "weight_decay1": 0.00015987953500037978,
    "weight_decay2": 0.0009579387106832946
  }
}