{
  "train_loop_config": {
    "lr1": 1.5842139594029083e-05,
    "lr2": 0.0013918281747484788,
    "weight_decay1": 0.00045204178469246615,
    "weight_decay2": 0.00011469815928006888
  }
}