{
  "train_loop_config": {
    "lr1": 0.0012551084009485845,
    "lr2": 0.050030158825804756,
    "weight_decay1": 1.130282704078043e-05,
    "weight_decay2": 1.8358803046119804e-06
  }
}