{
  "train_loop_config": {
    "lr1": 0.000465680463791956,
    "lr2": 0.007608481233714785,
    "weight_decay1": 1.0010539860510488e-06,
    "weight_decay2": 1.6193110912440726e-05
  }
}