{
  "train_loop_config": {
    "lr1": 7.022834985764324e-05,
    "lr2": 0.00011539490593862648,
    "weight_decay1": 9.253214657642582e-05,
    "weight_decay2": 1.634745612637676e-06
  }
}