{
  "train_loop_config": {
    "lr1": 1.1371199837770082e-05,
    "lr2": 8.658613306345195e-05,
    "weight_decay1": 0.00029316588289953117,
    "weight_decay2": 0.006252666752282402
  }
}