{
  "train_loop_config": {
    "lr1": 0.0631981662437257,
    "lr2": 0.0016850498474700144,
    "weight_decay1": 0.0045964802570924185,
    "weight_decay2": 0.0003683535297032845
  }
}