{
  "train_loop_config": {
    "lr1": 0.0018724138620420797,
    "lr2": 6.503886274016046e-05,
    "weight_decay1": 1.0216519735616817e-05,
    "weight_decay2": 0.000944720667175167
  }
}