{
  "train_loop_config": {
    "lr1": 6.573686655138324e-05,
    "lr2": 0.03254391115088484,
    "weight_decay1": 1.2869165107815028e-06,
    "weight_decay2": 0.0004806954824961597
  }
}