{
  "train_loop_config": {
    "lr1": 0.010363459483491242,
    "lr2": 0.049215073970155045,
    "weight_decay1": 0.0007016152732955533,
    "weight_decay2": 3.1411150806841976e-06
  }
}