{
  "train_loop_config": {
    "lr1": 0.001733276816818125,
    "lr2": 1.1225971120515339e-05,
    "weight_decay1": 1.9404261501302147e-06,
    "weight_decay2": 0.007397846571998537
  }
}