{
  "train_loop_config": {
    "lr1": 0.0003864291653552646,
    "lr2": 0.0014297724879798373,
    "weight_decay1": 4.750923721030606e-05,
    "weight_decay2": 0.0005506529897945988
  }
}