{
  "train_loop_config": {
    "lr1": 0.0026626730744102054,
    "lr2": 0.0018854097488371227,
    "weight_decay1": 1.8597288883199715e-05,
    "weight_decay2": 0.009004603984681756
  }
}