{
  "train_loop_config": {
    "lr1": 0.015957993164212952,
    "lr2": 0.0746528346269155,
    "weight_decay1": 1.7934807211789783e-05,
    "weight_decay2": 0.0005878824056644081
  }
}