{
  "train_loop_config": {
    "lr1": 0.00010996649790100926,
    "lr2": 0.01655839562953594,
    "weight_decay1": 5.93932554651337e-06,
    "weight_decay2": 0.00036127966997327976
  }
}