{
  "train_loop_config": {
    "lr1": 0.00046689498537088876,
    "lr2": 0.0017169565852473844,
    "weight_decay1": 3.643743139281255e-06,
    "weight_decay2": 6.200203677164712e-06
  }
}