{
  "train_loop_config": {
    "lr1": 6.049478317034512e-05,
    "lr2": 0.002115610477060776,
    "weight_decay1": 0.007587172468019903,
    "weight_decay2": 0.002439580795772673
  }
}