{
  "train_loop_config": {
    "lr1": 2.5876410154210435e-05,
    "lr2": 0.0006188339116517515,
    "weight_decay1": 0.004309054751874309,
    "weight_decay2": 1.4943646773788343e-05
  }
}