{
  "train_loop_config": {
    "lr1": 0.04306660168805708,
    "lr2": 0.0031148738529336653,
    "weight_decay1": 1.1568710983054886e-06,
    "weight_decay2": 0.005220942797771145
  }
}