{
  "train_loop_config": {
    "lr1": 0.06785129181994781,
    "lr2": 0.0013572540301313649,
    "weight_decay1": 0.0005854751355295724,
    "weight_decay2": 1.8283634209844514e-05
  }
}