{
  "train_loop_config": {
    "lr1": 4.23804514443853e-05,
    "lr2": 1.1866012696984907e-05,
    "weight_decay1": 1.9058493785788951e-06,
    "weight_decay2": 8.818210135856339e-05
  }
}