{
  "train_loop_config": {
    "lr1": 3.863879405158726e-05,
    "lr2": 2.340746480576746e-05,
    "weight_decay1": 5.559565426712562e-06,
    "weight_decay2": 2.411253706147575e-05
  }
}