{
  "train_loop_config": {
    "lr1": 0.06003147633638409,
    "lr2": 0.0022193212012672292,
    "weight_decay1": 0.004107784588077002,
    "weight_decay2": 3.5473073322468506e-06
  }
}