{
  "train_loop_config": {
    "lr1": 0.0033027068567772267,
    "lr2": 6.929406508731717e-05,
    "weight_decay1": 0.0010257043915608947,
    "weight_decay2": 1.8456354590185495e-06
  }
}