{
  "train_loop_config": {
    "lr1": 9.107329229641313e-05,
    "lr2": 0.0009442323098212805,
    "weight_decay1": 0.00030187202879142417,
    "weight_decay2": 0.0020697771981533475
  }
}