{
  "train_loop_config": {
    "lr1": 2.5664790016446088e-05,
    "lr2": 0.0004531311844091792,
    "weight_decay1": 0.0005992397731141753,
    "weight_decay2": 4.536459919009385e-05
  }
}