{
  "train_loop_config": {
    "lr1": 4.778831065857693e-05,
    "lr2": 0.03255142562491927,
    "weight_decay1": 2.4739295913040137e-06,
    "weight_decay2": 4.835378777285511e-05
  }
}