{
  "train_loop_config": {
    "lr1": 0.05375041876450287,
    "lr2": 0.0061273494019230025,
    "weight_decay1": 1.8365412649690996e-06,
    "weight_decay2": 0.0010516039540919312
  }
}