{
  "train_loop_config": {
    "lr1": 0.005802132870760358,
    "lr2": 0.09756440533070579,
    "weight_decay1": 4.890598759712448e-06,
    "weight_decay2": 3.536250309826548e-06
  }
}