{
  "train_loop_config": {
    "lr1": 1.2009378573125029e-05,
    "lr2": 1.2730455628270129e-05,
    "weight_decay1": 1.2978543350941597e-06,
    "weight_decay2": 9.657045339595033e-06
  }
}