{
  "train_loop_config": {
    "lr1": 0.032029975700290425,
    "lr2": 0.03788145521097119,
    "weight_decay1": 2.1886526657465473e-06,
    "weight_decay2": 1.4329107238467828e-06
  }
}