{
  "train_loop_config": {
    "lr1": 0.005571905096939259,
    "lr2": 0.021802318892988514,
    "weight_decay1": 1.1834587074410592e-06,
    "weight_decay2": 0.0010013300735281477
  }
}