{
  "train_loop_config": {
    "lr1": 0.001754368726695008,
    "lr2": 1.187378436162935e-05,
    "weight_decay1": 0.0015941555325149704,
    "weight_decay2": 8.548641316667401e-06
  }
}