{
  "train_loop_config": {
    "lr1": 0.0004950159553733192,
    "lr2": 0.0038333321561566606,
    "weight_decay1": 5.62793204741517e-05,
    "weight_decay2": 0.0036905577292137615
  }
}