{
  "train_loop_config": {
    "lr1": 0.008714928997294114,
    "lr2": 0.012266258651739078,
    "weight_decay1": 0.004278222919514562,
    "weight_decay2": 0.005344268592242111
  }
}