{
  "train_loop_config": {
    "lr1": 3.60666154229958e-05,
    "lr2": 0.016965441064499487,
    "weight_decay1": 3.896793103384809e-05,
    "weight_decay2": 4.585817723633225e-06
  }
}