{
  "train_loop_config": {
    "lr1": 0.0003631038523338875,
    "lr2": 0.0008789469599935927,
    "weight_decay1": 0.00026136169120159026,
    "weight_decay2": 0.00015783077390474392
  }
}