{"epoch": 4, "loss": 3.8424580097198486, "lr": 0.005, "gradient_norm": 1.5157134699664623, "epoch_time": 26.44942593574524, "_timestamp": 1723047134.6364489, "_runtime": 138.3705997467041, "_step": 4, "_wandb": {"runtime": 138}}