{
  "train_loop_config": {
    "lr1": 1.5073271237666678e-05,
    "lr2": 2.691389268685504e-05,
    "weight_decay1": 7.995347689531275e-06,
    "weight_decay2": 0.0007111413331087955
  }
}