{
  "train_loop_config": {
    "lr1": 0.0001416124232227365,
    "lr2": 3.3121827306255034e-05,
    "weight_decay1": 1.1952749874776883e-06,
    "weight_decay2": 0.0005192089041374382
  }
}