{
  "train_loop_config": {
    "lr1": 0.001979112227357907,
    "lr2": 3.8629074184943174e-05,
    "weight_decay1": 0.00022762614721505583,
    "weight_decay2": 0.0006295546558422275
  }
}