{
  "train_loop_config": {
    "lr1": 0.051290191619112684,
    "lr2": 0.0002460727025284894,
    "weight_decay1": 0.0010075077894785211,
    "weight_decay2": 0.000801663187901747
  }
}