{
  "train_loop_config": {
    "lr1": 0.016920795723556956,
    "lr2": 0.0003559939163206131,
    "weight_decay1": 0.0028455578436180125,
    "weight_decay2": 0.0009738376723091032
  }
}