{
  "train_loop_config": {
    "lr1": 3.1382913550478306e-05,
    "lr2": 0.00013083824679722224,
    "weight_decay1": 0.00022031145862163345,
    "weight_decay2": 0.007557584180374414
  }
}