{
  "train_loop_config": {
    "lr1": 0.004505738586601551,
    "lr2": 0.003067488059275996,
    "weight_decay1": 2.8772916926549787e-06,
    "weight_decay2": 0.00627996227467897
  }
}