,,final_clean_accuracy,final_clean_accuracy,final_PGD_accuracy,final_PGD_accuracy
,,mean,std,mean,std
active_strategy,size,,,,
random,1.0,0.701200008392334,,0.5892999768257141,
random,2.5,0.722000002861023,,0.6147000193595886,
random,10.0,0.7251999974250793,,0.6348000168800354,
uncertainty,1.0,0.7016000151634216,,0.503600001335144,
uncertainty,2.5,0.7178000211715698,,0.5475000143051147,
uncertainty,10.0,0.7766000032424927,,0.6035000085830688,
