{
  "train_loop_config": {
    "lr1": 0.00020257208916786367,
    "lr2": 0.0012830169947033794,
    "weight_decay1": 0.0034975859625264783,
    "weight_decay2": 2.6858332130184032e-05
  }
}