{
  "train_loop_config": {
    "lr1": 0.03413692239351968,
    "lr2": 0.003123840335060223,
    "weight_decay1": 0.001008717919806722,
    "weight_decay2": 2.4865280793759724e-05
  }
}