{
  "train_loop_config": {
    "lr1": 0.00012014662261383657,
    "lr2": 0.03833053427669115,
    "weight_decay1": 5.156615616166877e-05,
    "weight_decay2": 0.0072336949214398755
  }
}