{
  "train_loop_config": {
    "lr1": 0.000630446929531282,
    "lr2": 0.002058535957997776,
    "weight_decay1": 4.2908883185582905e-05,
    "weight_decay2": 8.873764952356788e-06
  }
}