{
  "train_loop_config": {
    "lr1": 0.09024940671927398,
    "lr2": 0.009832469717408669,
    "weight_decay1": 1.3236585469415497e-05,
    "weight_decay2": 0.0014358772473434605
  }
}