{
  "train_loop_config": {
    "lr1": 0.0047526033939376995,
    "lr2": 0.00011473032680323005,
    "weight_decay1": 1.842210858018915e-06,
    "weight_decay2": 3.0222945754477516e-05
  }
}