{
  "train_loop_config": {
    "lr1": 0.041069373912929495,
    "lr2": 0.001971142158600763,
    "weight_decay1": 1.026789238084491e-06,
    "weight_decay2": 0.0002941573161810303
  }
}