{
  "train_loop_config": {
    "lr1": 0.001678653019392707,
    "lr2": 3.514154914958956e-05,
    "weight_decay1": 1.7364838879731575e-06,
    "weight_decay2": 3.0575517966437457e-06
  }
}